INSERT INTO brand (brand_id, brand_name) VALUES
    (1, 'Toyota'),
    (2, 'Honda'),
    (3, 'Ford'),
    (4, 'Chevrolet'),
    (5, 'Volkswagen'),
    (6, 'Nissan'),
    (7, 'BMW'),
    (8, 'Mercedes-Benz'),
    (9, 'Audi'),
    (10, 'Hyundai');


INSERT INTO model (brand_id, model_name) VALUES
    (1, 'Camry'),
    (1, 'Corolla'),
    (2, 'Civic'),
    (2, 'Accord'),
    (3, 'Mustang'),
    (3, 'Fusion'),
    (4, 'Camaro'),
    (4, 'Malibu'),
    (5, 'Golf'),
    (5, 'Passat'),
    (6, 'Altima'),
    (7, '3 Series'),
    (7, '5 Series'),
    (8, 'C-Class'),
    (8, 'E-Class'),
    (9, 'A4'),
    (9, 'Q5'),
    (10, 'Elantra'),
    (10, 'Sonata'),
    (1, 'Rav4');



INSERT INTO defect (defect_name, cost)
VALUES ('Царапины на кузове', 5000),
       ('Трещина на лобовом стекле', 2000),
       ('Повреждения колеса', 5000),
       ('Повреждение сидений', 5000),
       ('Повреждение салона', 10000),
       ('Потеря бокового зеркала', 5000);

INSERT INTO color (color_name) VALUES
    ('Красный'),
    ('Синий'),
    ('Зеленый'),
    ('Желтый'),
    ('Черный'),
    ('Белый'),
    ('Серый'),
    ('Фиолетовый'),
    ('Оранжевый'),
    ('Бирюзовый');

INSERT INTO car (car_id, model_id, color_id, year_of_manufacture, license_plate, cost) VALUES
    (1, 1, 1, 2020, 'А123ВС', 3000),
    (2, 2, 2, 2021, 'У456КЕ', 2800),
    (3, 3, 3, 2019, 'Е789МН', 3200),
    (4, 4, 4, 2020, 'О012АА', 2900),
    (5, 5, 5, 2021, 'Т345ОП', 3100),
    (6, 6, 6, 2018, 'Н678РС', 3300),
    (7, 7, 7, 2019, 'В901ТУ', 2800),
    (8, 8, 8, 2022, 'К234ХХ', 3500),
    (9, 9, 9, 2018, 'М567ОО', 3000),
    (10, 10, 10, 2021, 'Р890АА', 3200),
    (11, 11, 1, 2020, 'С123ВС', 3000),
    (12, 12, 2, 2021, 'В456КЕ', 2800),
    (13, 13, 3, 2019, 'Н789МН', 3200),
    (14, 14, 4, 2020, 'Р012АА', 2900),
    (15, 15, 5, 2021, 'А345ОП', 3100),
    (16, 16, 6, 2018, 'С678РС', 3300),
    (17, 17, 7, 2019, 'М901ТУ', 2800),
    (18, 18, 8, 2022, 'О234ХХ', 3500),
    (19, 19, 9, 2018, 'У567ОО', 3000),
    (20, 20, 10, 2021, 'К890АА', 3200);


INSERT INTO car_defect (car_id, defect_id)
VALUES
    (1, 1),
    (1, 2),
    (2, 3),
    (2, 4),
    (3, 5),
    (4, 6),
    (5, 1),
    (5, 3);

INSERT INTO client (client_id, full_name, phone_number, driver_license_number, driver_experience)
VALUES
    (1, 'Смирнов Иван Викторович', '79161234567', 'AB1234567', 7),
    (2, 'Кузнецова Мария Андреевна', '79032345678', 'CD7654321', 5),
    (3, 'Иванов Павел Сергеевич', '79253456789', 'EF8765432', 3),
    (4, 'Петрова Анна Игоревна', '79104567890', 'GH9876543', 2),
    (5, 'Федоров Артем Михайлович', '79215678901', 'IJ7654321', 4),
    (6, 'Соколова Екатерина Владимировна', '79256789012', 'KL1234567', 6),
    (7, 'Михайлов Дмитрий Александрович', '79037890123', 'MN7654321', 8),
    (8, 'Ефимова Анастасия Петровна', '79168901234', 'OP8765432', 4),
    (9, 'Козлов Илья Валентинович', '79109012345', 'QR9876543', 5),
    (10, 'Антонов Сергей Юрьевич', '79210123456', 'ST1234567', 3);
